t_sec;x_true;y_true;theta_true;x_pred;y_pred;theta_pred;x_est;y_est;theta_est;v_cmd;w_cmd;v_meas;w_meas;pos_err_m;heading_err_deg
0.00151;-0.220314;-3.863362;-1.617761;1.367468;4.781230;-2.122315;1.366678;4.790412;-2.120017;0.249903;-0.033356;0.231808;-0.045443;8.798087;28.777186
0.00751;-0.220901;-3.875843;-1.619402;1.360624;4.780543;-2.122004;1.340352;4.776031;-2.118545;0.249906;-0.032836;0.231556;-0.039740;8.791612;28.598780
0.02392;-0.221508;-3.888324;-1.621059;1.334071;4.765725;-2.117705;1.348631;4.773682;-2.120687;0.249905;-0.033137;0.241383;0.016804;8.803163;28.626571
0.04045;-0.222136;-3.900804;-1.622630;1.342164;4.763143;-2.121725;1.342585;4.779343;-2.112736;0.249914;-0.031413;0.247284;-0.020749;8.820051;28.081002
0.05699;-0.222783;-3.913280;-1.624636;1.335813;4.768113;-2.114013;1.328267;4.779818;-2.116903;0.249860;-0.040115;0.262273;-0.025548;8.830385;28.204862
0.07256;-0.223455;-3.925757;-1.626328;1.322381;4.770169;-2.120268;1.340302;4.778841;-2.119731;0.249901;-0.033850;0.226044;-0.067302;8.843945;28.269921
0.08852;-0.224149;-3.938233;-1.627906;1.334217;4.768907;-2.121154;1.335198;4.783631;-2.127454;0.249914;-0.031552;0.232986;-0.028462;8.860163;28.622023
0.10458;-0.224862;-3.950711;-1.628984;1.328563;4.772964;-2.126994;1.342366;4.779287;-2.137399;0.249960;-0.021575;0.251244;0.009198;8.869558;29.129984
0.12168;-0.225589;-3.963189;-1.629510;1.335469;4.768384;-2.132303;1.335234;4.778126;-2.126223;0.249990;-0.010504;0.258029;0.101921;8.879570;28.459557
0.13774;-0.226323;-3.975666;-1.630678;1.328528;4.767324;-2.126606;1.338998;4.768492;-2.124595;0.249953;-0.023364;0.254284;-0.007660;8.883160;28.299360
0.15460;-0.227070;-3.988140;-1.631987;1.332202;4.757466;-2.121733;1.339253;4.770663;-2.138289;0.249940;-0.026183;0.259055;0.057244;8.897753;29.008962
0.17014;-0.227835;-4.000616;-1.632470;1.332376;4.759845;-2.135840;1.319516;4.772656;-2.132609;0.249992;-0.009650;0.256377;0.048977;8.908681;28.655901
0.18719;-0.228605;-4.013092;-1.633202;1.313082;4.762392;-2.128807;1.321777;4.769515;-2.114128;0.249981;-0.014647;0.242282;0.076054;8.918400;27.555016
0.20459;-0.229384;-4.025561;-1.635062;1.315475;4.759091;-2.115033;1.315818;4.772685;-2.134269;0.249880;-0.037196;0.243622;-0.018109;8.932904;28.602475
0.22077;-0.230187;-4.038035;-1.635678;1.309730;4.763059;-2.135174;1.312071;4.779790;-2.132964;0.249987;-0.012333;0.227779;-0.018094;8.951681;28.492359
0.23735;-0.230998;-4.050508;-1.636337;1.305152;4.768819;-2.133872;1.310785;4.767975;-2.131263;0.249985;-0.013177;0.259409;-0.018156;8.952247;28.357138
0.25388;-0.231816;-4.062980;-1.637126;1.304164;4.757462;-2.134349;1.303143;4.753200;-2.136965;0.249978;-0.015768;0.248483;-0.061717;8.948806;28.638712
0.27026;-0.232645;-4.075452;-1.637580;1.296141;4.742218;-2.139723;1.296091;4.757263;-2.154322;0.249993;-0.009090;0.260483;-0.055145;8.964033;29.607100
0.28731;-0.233479;-4.087924;-1.636951;1.289536;4.747309;-2.152066;1.301766;4.737403;-2.153336;0.249986;0.012577;0.238366;0.045104;8.957866;29.586666
0.30435;-0.234305;-4.100396;-1.636462;1.294718;4.726704;-2.153273;1.297530;4.730581;-2.149382;0.249992;0.009787;0.256237;0.001257;8.962849;29.388173
0.31995;-0.235125;-4.112869;-1.636211;1.290412;4.719752;-2.155214;1.289515;4.725311;-2.171887;0.249998;0.005027;0.259178;-0.116639;8.968720;30.691983
0.33700;-0.235942;-4.125337;-1.634709;1.282721;4.715389;-2.170572;1.293216;4.730013;-2.177812;0.249909;0.032433;0.240491;0.026306;8.986410;31.117519
0.35252;-0.236740;-4.137805;-1.632735;1.286201;4.719862;-2.173215;1.287829;4.747575;-2.178302;0.249865;0.039486;0.246797;0.091950;9.015226;31.258682
0.36853;-0.237513;-4.150274;-1.630659;1.280435;4.736942;-2.178632;1.280876;4.733677;-2.197700;0.249850;0.041528;0.259030;-0.006608;9.012773;32.489073
0.38509;-0.238260;-4.162733;-1.627427;1.274425;4.724759;-2.196367;1.293076;4.747432;-2.199627;0.249637;0.064630;0.220137;0.026657;9.040799;32.784651
0.40171;-0.238966;-4.175194;-1.624094;1.285947;4.737592;-2.195844;1.290087;4.725181;-2.204987;0.249614;0.066654;0.243030;0.075659;9.030762;33.282695
0.41776;-0.239631;-4.187654;-1.620490;1.283716;4.716464;-2.198963;1.285637;4.725300;-2.218817;0.249549;0.072096;0.215928;0.120476;9.042521;34.281635
0.43427;-0.240250;-4.200104;-1.616035;1.278297;4.715582;-2.216511;1.269658;4.726726;-2.217276;0.249311;0.089086;0.243567;0.046121;9.053624;34.448566
0.45033;-0.240814;-4.212557;-1.611600;1.262667;4.717417;-2.212645;1.252054;4.721174;-2.235204;0.249317;0.088709;0.232826;0.092624;9.057605;35.729879
0.46686;-0.241322;-4.224993;-1.606028;1.243577;4.710224;-2.223894;1.250164;4.709001;-2.206198;0.248923;0.111446;0.276955;0.226197;9.057637;34.387244
0.48340;-0.241761;-4.237460;-1.601705;1.242204;4.698153;-2.201423;1.253033;4.714282;-2.216089;0.249497;0.076120;0.269103;0.095501;9.075687;35.201573
0.50035;-0.242147;-4.249920;-1.597304;1.245034;4.703550;-2.206529;1.255478;4.716219;-2.211427;0.249328;0.088035;0.267705;0.191194;9.090354;35.186694
0.51745;-0.242477;-4.262386;-1.593187;1.248393;4.706668;-2.206538;1.233646;4.711967;-2.182656;0.249412;0.082336;0.237844;0.097793;9.094941;33.774125
0.53400;-0.242757;-4.274873;-1.590320;1.225917;4.700936;-2.181304;1.236671;4.725101;-2.191170;0.249787;0.049481;0.269379;0.027044;9.120758;34.426172
0.54901;-0.243000;-4.287355;-1.587311;1.230027;4.715764;-2.187484;1.239701;4.703208;-2.216930;0.249686;0.060170;0.229197;0.073722;9.112004;36.074494
0.56455;-0.243206;-4.299818;-1.583053;1.232551;4.693677;-2.211927;1.231282;4.706877;-2.222857;0.249304;0.089587;0.238303;0.100056;9.126592;36.658057
